,api,class,cloudEnv,component,correlationId,developmentDevice,durationInMs,host,httpStatus,logEnv,method,principal,requestId,requestURI,requestURL,signature,signatureFull,signatureId,threadName,userAgent,timestamp
0,device,,production,core-cloud,CCB:9ae22714-7c8c-4490-8f07-d5fd7793b6cf,,119,logsearch-lifeline-agent-stateful-0.logsearch-lifeline-agent-stateful.default.svc.cluster.local,401,production,POST,,a3818cc09b0af2d7c72134ca5fa93eda,/device-api/registration,https://connect.g2bcc.com/device-api/registration,,,,http-nio-8080-exec-29,"sharedlogic/3.22.5-0 (bsp 10.8.0-0, model 1.2.1-0, bacnet 2.1.0)",2025-01-16 08:45:23.365
1,device,DeviceApiV2DeviceController,production,core-cloud,CCB:fc660e65-b629-4ca1-9adc-ac91cd3fb090,,24,logsearch-lifeline-agent-stateful-0.logsearch-lifeline-agent-stateful.default.svc.cluster.local,200,production,GET,4d284824-f2dc-4e47-9641-9c4bd115fbab,db0062793fb9ee45787e4588891f15dc,/device-api/v2/devices/8acbcbb2-0649-429b-b09b-120d88eb8fa1/tasks,https://connect.g2bcc.com/device-api/v2/devices/8acbcbb2-0649-429b-b09b-120d88eb8fa1/tasks,"DeviceApiV2DeviceController.getTaskList(String,Integer)","ch.belimo.cloud.server.deviceapi.v2.DeviceApiV2DeviceController#getTaskList(String, Integer)",111elm3x3ote5,http-nio-8080-exec-93,,2025-01-16 08:45:23.450
2,device,DeviceApiV2DeviceController,production,core-cloud,CCB:6cb197c0-6be1-4e49-82f4-90539ab6ded2,,23,logsearch-lifeline-agent-stateful-0.logsearch-lifeline-agent-stateful.default.svc.cluster.local,200,production,GET,d68a34f0-379c-4534-84e9-0278b8539c11,93df335640a41a3e4b1ecc00a4e58304,/device-api/v2/devices/fec4211e-1d9a-41c8-820d-dfd4ec718151/tasks,https://connect.g2bcc.com/device-api/v2/devices/fec4211e-1d9a-41c8-820d-dfd4ec718151/tasks,"DeviceApiV2DeviceController.getTaskList(String,Integer)","ch.belimo.cloud.server.deviceapi.v2.DeviceApiV2DeviceController#getTaskList(String, Integer)",111elm3x3ote5,http-nio-8080-exec-146,,2025-01-16 08:45:23.452
3,device,DeviceApiV2DeviceController,production,core-cloud,CCB:c1c628b7-a93b-4118-be48-bc6996e741d6,,23,logsearch-lifeline-agent-stateful-0.logsearch-lifeline-agent-stateful.default.svc.cluster.local,200,production,GET,8535e172-1dd3-4ef4-b9c9-fe7cc0b8fe1e,d520e3562dca57fdf3b6c3a9dd405dca,/device-api/v2/devices/cd0fe66e-a33c-4349-9b4a-76a2f700ba7d/tasks,https://connect.g2bcc.com/device-api/v2/devices/cd0fe66e-a33c-4349-9b4a-76a2f700ba7d/tasks,"DeviceApiV2DeviceController.getTaskList(String,Integer)","ch.belimo.cloud.server.deviceapi.v2.DeviceApiV2DeviceController#getTaskList(String, Integer)",111elm3x3ote5,http-nio-8080-exec-135,,2025-01-16 08:45:23.452
4,device,DeviceApiV2DeviceController,production,core-cloud,CCB:59f1ad10-a5a1-491f-a4df-8d6697819db4,,16,logsearch-lifeline-agent-stateful-0.logsearch-lifeline-agent-stateful.default.svc.cluster.local,200,production,GET,492e77b5-61db-45d8-aedd-598132a44471,16543fac22781f75a016e5f378ffc0f0,/device-api/v2/devices/492e77b5-61db-45d8-aedd-598132a44471/tasks,https://connect.g2bcc.com/device-api/v2/devices/492e77b5-61db-45d8-aedd-598132a44471/tasks,"DeviceApiV2DeviceController.getTaskList(String,Integer)","ch.belimo.cloud.server.deviceapi.v2.DeviceApiV2DeviceController#getTaskList(String, Integer)",111elm3x3ote5,http-nio-8080-exec-167,"sharedlogic/3.17.2-0 (bsp 10.5.0-0, model 3.46.386-0, bacnet 2.1.0)",2025-01-16 08:45:23.461
5,device,DeviceUpdateApiController,production,core-cloud,CCB:5f801874-6a4c-46dc-9fe8-e9e0173d6f12,,37,logsearch-lifeline-agent-stateful-0.logsearch-lifeline-agent-stateful.default.svc.cluster.local,200,production,POST,712df668-b506-46e2-83d7-aa36bad3bfe1,092a856bd931e3258eba888ed2152408,/device-api/update,https://connect.g2bcc.com/device-api/update,"DeviceUpdateApiController.postUpdateInquiry(UpdateInquiry,HttpServletRequest)","ch.belimo.cloud.server.deviceapi.base.DeviceUpdateApiController#postUpdateInquiry(UpdateInquiry, HttpServletRequest)",1aciv1okgkzbs,http-nio-8080-exec-128,"sharedlogic/2.15.10-0 (bsp 9.4.0-0, model 3.35.363-0)",2025-01-16 08:45:23.441
6,device,DeviceApiV2DeviceController,production,core-cloud,CCB:fe49b871-e0ea-4d0c-af73-f4fdb29bfdaf,,152,logsearch-lifeline-agent-stateful-0.logsearch-lifeline-agent-stateful.default.svc.cluster.local,200,production,GET,3164fbea-bb4f-4819-85dc-ca637272ae74,76d44336c32ffc4fcd439867c89f31f6,/device-api/v2/devices/3164fbea-bb4f-4819-85dc-ca637272ae74,https://mobile.g2bcc.com/device-api/v2/devices/3164fbea-bb4f-4819-85dc-ca637272ae74,DeviceApiV2DeviceController.getDeviceInfo(String),ch.belimo.cloud.server.deviceapi.v2.DeviceApiV2DeviceController#getDeviceInfo(String),2yt378c5zm7b,http-nio-8080-exec-16,okhttp/4.12.0,2025-01-16 08:45:23.204
7,device,DeviceApiV2DeviceController,production,core-cloud,CCB:2ff2a0f5-12f5-4682-8c4b-cac101a1c4fa,,34,logsearch-lifeline-agent-stateful-0.logsearch-lifeline-agent-stateful.default.svc.cluster.local,200,production,GET,cdefcdba-d291-4565-a53a-411de469eb36,430868f14f32e154790fb7c04093775e,/device-api/v2/devices/cdefcdba-d291-4565-a53a-411de469eb36/tasks,https://connect.g2bcc.com/device-api/v2/devices/cdefcdba-d291-4565-a53a-411de469eb36/tasks,"DeviceApiV2DeviceController.getTaskList(String,Integer)","ch.belimo.cloud.server.deviceapi.v2.DeviceApiV2DeviceController#getTaskList(String, Integer)",111elm3x3ote5,http-nio-8080-exec-55,"sharedlogic/3.17.2-0 (bsp 10.5.0-0, model 3.46.386-0, bacnet 2.1.0)",2025-01-16 08:45:23.455
8,device,DeviceApiV2DeviceController,production,core-cloud,CCB:ca8af9c0-f501-490c-a838-a04415d4ab26,,34,logsearch-lifeline-agent-stateful-0.logsearch-lifeline-agent-stateful.default.svc.cluster.local,200,production,GET,bd2f348b-f6d2-410b-9172-172a7963c725,8af737c41975135998f2257a903b4dca,/device-api/v2/devices/bd2f348b-f6d2-410b-9172-172a7963c725/tasks,https://connect.g2bcc.com/device-api/v2/devices/bd2f348b-f6d2-410b-9172-172a7963c725/tasks,"DeviceApiV2DeviceController.getTaskList(String,Integer)","ch.belimo.cloud.server.deviceapi.v2.DeviceApiV2DeviceController#getTaskList(String, Integer)",111elm3x3ote5,http-nio-8080-exec-25,"sharedlogic/4.21.1 (bsp 13.9.0, model 1.0.4, bootloader 2019.01.0, fieldbus 01.00.0016)",2025-01-16 08:45:23.457
9,device,DeviceApiV2DeviceController,production,core-cloud,CCB:2211630e-d403-4fc0-8e44-0139c0540d94,,22,logsearch-lifeline-agent-stateful-0.logsearch-lifeline-agent-stateful.default.svc.cluster.local,200,production,GET,bc00c60e-98f4-46f5-b053-07c1d5563229,f570396980a962e09dd18b251259cdd9,/device-api/v2/devices/83a03b88-a6e2-4cf8-a51c-657b44004f6e/tasks,https://connect.g2bcc.com/device-api/v2/devices/83a03b88-a6e2-4cf8-a51c-657b44004f6e/tasks,"DeviceApiV2DeviceController.getTaskList(String,Integer)","ch.belimo.cloud.server.deviceapi.v2.DeviceApiV2DeviceController#getTaskList(String, Integer)",111elm3x3ote5,http-nio-8080-exec-93,,2025-01-16 08:45:23.471
10,device,DeviceApiV2DeviceController,production,core-cloud,CCB:0e8959d5-d387-4b88-a4e3-30828da2c9b5,,43,logsearch-lifeline-agent-stateful-0.logsearch-lifeline-agent-stateful.default.svc.cluster.local,200,production,GET,2da48e82-2575-4638-b5e8-f3348cfc3b9c,53c0faf68ac259682a6e22c5b43fc7ec,/device-api/v2/devices/2da48e82-2575-4638-b5e8-f3348cfc3b9c/tasks,https://connect.g2bcc.com/device-api/v2/devices/2da48e82-2575-4638-b5e8-f3348cfc3b9c/tasks,"DeviceApiV2DeviceController.getTaskList(String,Integer)","ch.belimo.cloud.server.deviceapi.v2.DeviceApiV2DeviceController#getTaskList(String, Integer)",111elm3x3ote5,http-nio-8080-exec-158,"sharedlogic/2.15.11-0 (bsp 9.4.0-1, model 3.35.363-1)",2025-01-16 08:45:23.453
11,device,DeviceApiV2DeviceController,production,core-cloud,CCB:0b8bcaf2-ebed-4cb3-897b-479732d443a4,,51,logsearch-lifeline-agent-stateful-0.logsearch-lifeline-agent-stateful.default.svc.cluster.local,204,production,POST,212c1cdf-045f-461c-9731-bfc453b04ac1,e22cae714956d0206ec218a53076bec4,/device-api/v2/devices/bacb21cf-7f40-4b85-8ec5-3daf220735f5/data,https://connect.g2bcc.com/device-api/v2/devices/bacb21cf-7f40-4b85-8ec5-3daf220735f5/data,"DeviceApiV2DeviceController.postDeviceData(String,DeviceDataV2,HttpServletRequest)","ch.belimo.cloud.server.deviceapi.v2.DeviceApiV2DeviceController#postDeviceData(String, DeviceDataV2, HttpServletRequest)",chwok6y2w4pb,http-nio-8080-exec-67,,2025-01-16 08:45:23.450
12,device,DeviceApiV2DeviceController,production,core-cloud,CCB:17b80f3f-70e0-434e-ae56-03478403301c,,41,logsearch-lifeline-agent-stateful-0.logsearch-lifeline-agent-stateful.default.svc.cluster.local,200,production,GET,0e5e094e-e43c-4b4c-9e72-e2376d4932fb,f15d4f95efad9d30924fb6e13e9e16ca,/device-api/v2/devices/0e5e094e-e43c-4b4c-9e72-e2376d4932fb/tasks,https://connect.g2bcc.com/device-api/v2/devices/0e5e094e-e43c-4b4c-9e72-e2376d4932fb/tasks,"DeviceApiV2DeviceController.getTaskList(String,Integer)","ch.belimo.cloud.server.deviceapi.v2.DeviceApiV2DeviceController#getTaskList(String, Integer)",111elm3x3ote5,http-nio-8080-exec-133,"sharedlogic/4.26.2 (bsp 13.12.1, model 1.1.6, bootloader 2019.01.0, fieldbus 01.02.0002)",2025-01-16 08:45:23.461
13,device,DeviceApiV2DeviceController,production,core-cloud,CCB:2d1cf649-6b9f-4300-ae85-3c8ca00c5190,,76,logsearch-lifeline-agent-stateful-0.logsearch-lifeline-agent-stateful.default.svc.cluster.local,200,production,GET,6db85a80-0e69-4a97-b293-b70268248d03,4c8e88e962e454bd6e0e4d844f666e19,/device-api/v2/devices/6db85a80-0e69-4a97-b293-b70268248d03/tasks,https://connect.g2bcc.com/device-api/v2/devices/6db85a80-0e69-4a97-b293-b70268248d03/tasks,"DeviceApiV2DeviceController.getTaskList(String,Integer)","ch.belimo.cloud.server.deviceapi.v2.DeviceApiV2DeviceController#getTaskList(String, Integer)",111elm3x3ote5,http-nio-8080-exec-147,"sharedlogic/4.26.2 (bsp 13.12.1, model 1.1.6, bootloader 2019.01.0, fieldbus 01.02.0002)",2025-01-16 08:45:23.427
14,device,DeviceApiV2DeviceController,production,core-cloud,CCB:ce4dbc4b-5ad6-40fd-b00b-0f1218db1011,,51,logsearch-lifeline-agent-stateful-0.logsearch-lifeline-agent-stateful.default.svc.cluster.local,200,production,GET,2facd397-39aa-4e7b-8d38-ca8071b62151,5aea684f64576665df9eaeecb2c71632,/device-api/v2/devices/a119d684-1187-4ade-9a59-c44dc7631cc9/tasks,https://connect.g2bcc.com/device-api/v2/devices/a119d684-1187-4ade-9a59-c44dc7631cc9/tasks,"DeviceApiV2DeviceController.getTaskList(String,Integer)","ch.belimo.cloud.server.deviceapi.v2.DeviceApiV2DeviceController#getTaskList(String, Integer)",111elm3x3ote5,http-nio-8080-exec-84,,2025-01-16 08:45:23.455
15,device,DeviceApiV2DeviceController,production,core-cloud,CCB:ab4f87e2-5959-4933-8606-04130e0b2f25,,58,logsearch-lifeline-agent-stateful-0.logsearch-lifeline-agent-stateful.default.svc.cluster.local,204,production,POST,dd5f8019-0866-4305-bc94-fefc0d0684a8,49f9c50186b1a39283b8532980600a5a,/device-api/v2/devices/dd5f8019-0866-4305-bc94-fefc0d0684a8/data,https://connect.g2bcc.com/device-api/v2/devices/dd5f8019-0866-4305-bc94-fefc0d0684a8/data,"DeviceApiV2DeviceController.postDeviceData(String,DeviceDataV2,HttpServletRequest)","ch.belimo.cloud.server.deviceapi.v2.DeviceApiV2DeviceController#postDeviceData(String, DeviceDataV2, HttpServletRequest)",chwok6y2w4pb,http-nio-8080-exec-92,"sharedlogic/5.21.4 (bsp 14.11.2, model 2.1.2, bootloader 2022.02.0, fieldbus 01.05.0000)",2025-01-16 08:45:23.454
16,device,DeviceApiV2DeviceController,production,core-cloud,CCB:7dec4bbd-a7fd-4c7a-878f-3804c0a9b649,,59,logsearch-lifeline-agent-stateful-0.logsearch-lifeline-agent-stateful.default.svc.cluster.local,200,production,GET,252d8667-4b09-47f7-94e7-2e1a1b000eb4,8433b32031b1a7ebb06c6b044f1d1fcb,/device-api/v2/devices/252d8667-4b09-47f7-94e7-2e1a1b000eb4/tasks,https://connect.g2bcc.com/device-api/v2/devices/252d8667-4b09-47f7-94e7-2e1a1b000eb4/tasks,"DeviceApiV2DeviceController.getTaskList(String,Integer)","ch.belimo.cloud.server.deviceapi.v2.DeviceApiV2DeviceController#getTaskList(String, Integer)",111elm3x3ote5,http-nio-8080-exec-183,"sharedlogic/2.15.11-0 (bsp 9.4.0-1, model 3.35.363-1)",2025-01-16 08:45:23.453
17,device,DeviceApiV2DeviceController,production,core-cloud,CCB:4fe22868-dda4-401b-8b8b-e31863592f3a,,58,logsearch-lifeline-agent-stateful-0.logsearch-lifeline-agent-stateful.default.svc.cluster.local,204,production,POST,2097d9a8-46fc-4ea8-8b3d-6cb7279ee4e5,e07a4d8b2f4fe19709228c155d6e45cf,/device-api/v2/devices/2097d9a8-46fc-4ea8-8b3d-6cb7279ee4e5/data,https://connect.g2bcc.com/device-api/v2/devices/2097d9a8-46fc-4ea8-8b3d-6cb7279ee4e5/data,"DeviceApiV2DeviceController.postDeviceData(String,DeviceDataV2,HttpServletRequest)","ch.belimo.cloud.server.deviceapi.v2.DeviceApiV2DeviceController#postDeviceData(String, DeviceDataV2, HttpServletRequest)",chwok6y2w4pb,http-nio-8080-exec-38,"sharedlogic/5.21.4 (bsp 14.11.2, model 2.2.1, bootloader 2022.02.0, fieldbus 01.05.0004)",2025-01-16 08:45:23.454
18,device,DeviceApiV2DeviceController,production,core-cloud,CCB:84bd759f-9d88-48b1-900b-fe4d9a68fc6a,,8,logsearch-lifeline-agent-stateful-0.logsearch-lifeline-agent-stateful.default.svc.cluster.local,200,production,GET,f1b3724c-674e-4931-b7b3-680b3e172de3,8fd3b462f046ae30641f83efae7654d5,/device-api/v2/devices/f1b3724c-674e-4931-b7b3-680b3e172de3/tasks,https://connect.g2bcc.com/device-api/v2/devices/f1b3724c-674e-4931-b7b3-680b3e172de3/tasks,"DeviceApiV2DeviceController.getTaskList(String,Integer)","ch.belimo.cloud.server.deviceapi.v2.DeviceApiV2DeviceController#getTaskList(String, Integer)",111elm3x3ote5,http-nio-8080-exec-96,"sharedlogic/5.21.4 (bsp 14.11.2, model 2.1.2, bootloader 2022.02.0, fieldbus 01.05.0000)",2025-01-16 08:45:23.482
19,device,DeviceApiV2DeviceController,production,core-cloud,CCB:61364666-4a95-45ef-bc2b-da0ed9a5c583,,8,logsearch-lifeline-agent-stateful-0.logsearch-lifeline-agent-stateful.default.svc.cluster.local,200,production,GET,93edbdf9-7daf-4d29-90d1-2045c3418efd,5c0f8e58f33958ed1509f295c3ccd5b8,/device-api/v2/devices/93edbdf9-7daf-4d29-90d1-2045c3418efd/tasks,https://connect.g2bcc.com/device-api/v2/devices/93edbdf9-7daf-4d29-90d1-2045c3418efd/tasks,"DeviceApiV2DeviceController.getTaskList(String,Integer)","ch.belimo.cloud.server.deviceapi.v2.DeviceApiV2DeviceController#getTaskList(String, Integer)",111elm3x3ote5,http-nio-8080-exec-43,"sharedlogic/3.17.2-0 (bsp 10.5.0-0, model 3.46.386-0, bacnet 2.1.0)",2025-01-16 08:45:23.485
20,device,DeviceUpdateApiController,production,core-cloud,CCB:1429bf09-fff3-4686-a391-629aff83f09f,,49,logsearch-lifeline-agent-stateful-0.logsearch-lifeline-agent-stateful.default.svc.cluster.local,200,production,POST,f99cf9f0-c09e-48ed-99c1-4d0845dd7f1f,4b85ed0eceb0a1d43bd815e1a904ae31,/device-api/update,https://connect.g2bcc.com/device-api/update,"DeviceUpdateApiController.postUpdateInquiry(UpdateInquiry,HttpServletRequest)","ch.belimo.cloud.server.deviceapi.base.DeviceUpdateApiController#postUpdateInquiry(UpdateInquiry, HttpServletRequest)",1aciv1okgkzbs,http-nio-8080-exec-3,"sharedlogic/5.21.4 (bsp 14.11.2, model 2.1.6, bootloader 2022.02.0, fieldbus 01.05.0002)",2025-01-16 08:45:23.445
21,device,DeviceApiV2DeviceController,production,core-cloud,CCB:eaebf2c2-fd30-4152-ad48-bac08a9f69c0,,9,logsearch-lifeline-agent-stateful-0.logsearch-lifeline-agent-stateful.default.svc.cluster.local,200,production,GET,a763287b-dd34-4bcc-8a00-5614ced15cec,2bf44fb7c2e17209606b1e87a898b5ca,/device-api/v2/devices/126f23fe-dac3-4c12-bd1a-8e188c9c82b9/tasks,https://connect.g2bcc.com/device-api/v2/devices/126f23fe-dac3-4c12-bd1a-8e188c9c82b9/tasks,"DeviceApiV2DeviceController.getTaskList(String,Integer)","ch.belimo.cloud.server.deviceapi.v2.DeviceApiV2DeviceController#getTaskList(String, Integer)",111elm3x3ote5,http-nio-8080-exec-70,,2025-01-16 08:45:23.489
22,device,DeviceApiV2DeviceController,production,core-cloud,CCB:493dfe15-bec7-4e19-b4f8-b770d88af8a2,,11,logsearch-lifeline-agent-stateful-0.logsearch-lifeline-agent-stateful.default.svc.cluster.local,200,production,GET,1c67a897-9f6f-490e-a9ca-36d11a5bc487,5824716a3305c3b9f66ef44875a839fa,/device-api/v2/devices/6bb5ce2b-4362-4878-ae9d-fa01984a0bde/tasks,https://connect.g2bcc.com/device-api/v2/devices/6bb5ce2b-4362-4878-ae9d-fa01984a0bde/tasks,"DeviceApiV2DeviceController.getTaskList(String,Integer)","ch.belimo.cloud.server.deviceapi.v2.DeviceApiV2DeviceController#getTaskList(String, Integer)",111elm3x3ote5,http-nio-8080-exec-70,"sharedlogic/4.4.1-0 (bsp 12.2.1-0, model 1.2.4-0, bacnet N/A)",2025-01-16 08:45:23.499
23,device,DeviceApiV2DeviceController,production,core-cloud,CCB:d1ec598f-a022-45ba-9228-75e8d9ed1168,,57,logsearch-lifeline-agent-stateful-0.logsearch-lifeline-agent-stateful.default.svc.cluster.local,200,production,GET,8926f9bc-34be-45e3-93a4-44c93e12b23b,3116be83810ef8512eb822bee71fa890,/device-api/v2/devices/62937099-a961-45ab-8ad5-e7fcab31ba75/tasks,https://connect.g2bcc.com/device-api/v2/devices/62937099-a961-45ab-8ad5-e7fcab31ba75/tasks,"DeviceApiV2DeviceController.getTaskList(String,Integer)","ch.belimo.cloud.server.deviceapi.v2.DeviceApiV2DeviceController#getTaskList(String, Integer)",111elm3x3ote5,http-nio-8080-exec-170,,2025-01-16 08:45:23.461
24,device,DeviceApiV2DeviceController,production,core-cloud,CCB:255fe08b-6bcc-4734-80af-69ce0afea302,,67,logsearch-lifeline-agent-stateful-0.logsearch-lifeline-agent-stateful.default.svc.cluster.local,200,production,GET,48883717-cd25-48bd-a549-86f0375a353d,e9895ea9fcf7371d999240fc149d0995,/device-api/v2/devices/85cb5adc-8ea5-4596-9967-038401c1162f/tasks,https://connect.g2bcc.com/device-api/v2/devices/85cb5adc-8ea5-4596-9967-038401c1162f/tasks,"DeviceApiV2DeviceController.getTaskList(String,Integer)","ch.belimo.cloud.server.deviceapi.v2.DeviceApiV2DeviceController#getTaskList(String, Integer)",111elm3x3ote5,http-nio-8080-exec-31,"sharedlogic/4.4.1-0 (bsp 12.2.1-0, model 1.2.4-0, bacnet N/A)",2025-01-16 08:45:23.451
25,device,DeviceApiV2DeviceController,production,core-cloud,CCB:36685312-e623-4658-adba-ba2f02f29629,,23,logsearch-lifeline-agent-stateful-0.logsearch-lifeline-agent-stateful.default.svc.cluster.local,200,production,GET,9672c73e-e421-4a6e-bf43-53497b9a1017,5de6023d2f18c259849c589625a8b540,/device-api/v2/devices/9672c73e-e421-4a6e-bf43-53497b9a1017/tasks,https://connect.g2bcc.com/device-api/v2/devices/9672c73e-e421-4a6e-bf43-53497b9a1017/tasks,"DeviceApiV2DeviceController.getTaskList(String,Integer)","ch.belimo.cloud.server.deviceapi.v2.DeviceApiV2DeviceController#getTaskList(String, Integer)",111elm3x3ote5,http-nio-8080-exec-141,"sharedlogic/5.21.4 (bsp 14.11.2, model 2.1.6, bootloader 2022.02.0, fieldbus 01.05.0002)",2025-01-16 08:45:23.501
26,device,DeviceApiV2DeviceController,production,core-cloud,CCB:10148b8f-282c-4da0-9259-cdae74132541,,48,logsearch-lifeline-agent-stateful-0.logsearch-lifeline-agent-stateful.default.svc.cluster.local,200,production,GET,890695da-bed1-4099-83cc-d7b24fab6c28,d56a98bf74b5e5981da7e0856190b763,/device-api/v2/devices/890695da-bed1-4099-83cc-d7b24fab6c28/tasks,https://connect.g2bcc.com/device-api/v2/devices/890695da-bed1-4099-83cc-d7b24fab6c28/tasks,"DeviceApiV2DeviceController.getTaskList(String,Integer)","ch.belimo.cloud.server.deviceapi.v2.DeviceApiV2DeviceController#getTaskList(String, Integer)",111elm3x3ote5,http-nio-8080-exec-99,"sharedlogic/5.21.4 (bsp 14.11.2, model 2.1.6, bootloader 2022.02.0, fieldbus 01.05.0002)",2025-01-16 08:45:23.478
27,device,DeviceApiV2DeviceController,production,core-cloud,CCB:f82a8305-2ca9-473f-8354-432fca922402,,29,logsearch-lifeline-agent-stateful-0.logsearch-lifeline-agent-stateful.default.svc.cluster.local,200,production,GET,f627ac3e-c360-4cb9-81ad-6b21894261e5,1f63f8d8bec51980e85800f9276e421f,/device-api/v2/devices/f627ac3e-c360-4cb9-81ad-6b21894261e5/tasks,https://connect.g2bcc.com/device-api/v2/devices/f627ac3e-c360-4cb9-81ad-6b21894261e5/tasks,"DeviceApiV2DeviceController.getTaskList(String,Integer)","ch.belimo.cloud.server.deviceapi.v2.DeviceApiV2DeviceController#getTaskList(String, Integer)",111elm3x3ote5,http-nio-8080-exec-14,"sharedlogic/5.21.4 (bsp 14.11.2, model 2.2.1, bootloader 2022.02.0, fieldbus 01.05.0004)",2025-01-16 08:45:23.499
28,device,DeviceApiV2DeviceController,production,core-cloud,CCB:c5e810c7-c3a8-416f-9dfc-24b855c1dc20,,67,logsearch-lifeline-agent-stateful-0.logsearch-lifeline-agent-stateful.default.svc.cluster.local,204,production,POST,121dd543-cabb-412a-895f-76b35eadec42,bad0ac1b0d36c1029be35f7f69a670b2,/device-api/v2/devices/2bb36d76-05c5-4456-8e8d-eb01c335ce2c/data,https://connect.g2bcc.com/device-api/v2/devices/2bb36d76-05c5-4456-8e8d-eb01c335ce2c/data,"DeviceApiV2DeviceController.postDeviceData(String,DeviceDataV2,HttpServletRequest)","ch.belimo.cloud.server.deviceapi.v2.DeviceApiV2DeviceController#postDeviceData(String, DeviceDataV2, HttpServletRequest)",chwok6y2w4pb,http-nio-8080-exec-39,,2025-01-16 08:45:23.466
29,device,DeviceApiV2DeviceController,production,core-cloud,CCB:d9dfb0a2-bd6f-4a42-a675-9deb3f4621fc,,23,logsearch-lifeline-agent-stateful-0.logsearch-lifeline-agent-stateful.default.svc.cluster.local,200,production,GET,5f9ea151-9b57-4dc6-92ce-6ea57f3dd838,11b4ef1a0b24512815a59d4fecd5c413,/device-api/v2/devices/856a2145-a57c-4377-836a-ca9f549dd8db/tasks,https://connect.g2bcc.com/device-api/v2/devices/856a2145-a57c-4377-836a-ca9f549dd8db/tasks,"DeviceApiV2DeviceController.getTaskList(String,Integer)","ch.belimo.cloud.server.deviceapi.v2.DeviceApiV2DeviceController#getTaskList(String, Integer)",111elm3x3ote5,http-nio-8080-exec-44,,2025-01-16 08:45:23.515
30,device,DeviceApiV2DeviceController,production,core-cloud,CCB:1feaeb47-2db7-417a-9aba-62c85d264ecc,,17,logsearch-lifeline-agent-stateful-0.logsearch-lifeline-agent-stateful.default.svc.cluster.local,200,production,GET,9c836346-c2d2-4fe3-bfd8-ec542105def2,738e0c86740da7e6d483eabe0bc84dfd,/device-api/v2/devices/9c836346-c2d2-4fe3-bfd8-ec542105def2/tasks,https://connect.g2bcc.com/device-api/v2/devices/9c836346-c2d2-4fe3-bfd8-ec542105def2/tasks,"DeviceApiV2DeviceController.getTaskList(String,Integer)","ch.belimo.cloud.server.deviceapi.v2.DeviceApiV2DeviceController#getTaskList(String, Integer)",111elm3x3ote5,http-nio-8080-exec-78,"sharedlogic/3.17.2-0 (bsp 10.5.0-0, model 3.46.386-0, bacnet 2.1.0)",2025-01-16 08:45:23.524
31,device,DeviceApiV2DeviceController,production,core-cloud,CCB:1a0ca1fa-6d31-4ecc-9fd0-844ad3421e24,,23,logsearch-lifeline-agent-stateful-0.logsearch-lifeline-agent-stateful.default.svc.cluster.local,200,production,GET,89c0a7d8-a3e3-4738-a781-a43b9def9742,62b00057ab1957deb436c87fa6d53a74,/device-api/v2/devices/32f2f325-6a33-405f-913c-dcbe67d29616/tasks,https://connect.g2bcc.com/device-api/v2/devices/32f2f325-6a33-405f-913c-dcbe67d29616/tasks,"DeviceApiV2DeviceController.getTaskList(String,Integer)","ch.belimo.cloud.server.deviceapi.v2.DeviceApiV2DeviceController#getTaskList(String, Integer)",111elm3x3ote5,http-nio-8080-exec-186,,2025-01-16 08:45:23.519
32,device,DeviceApiV2DeviceController,production,core-cloud,CCB:a859b81c-303d-4b8f-8409-5d39ab0f1732,,62,logsearch-lifeline-agent-stateful-0.logsearch-lifeline-agent-stateful.default.svc.cluster.local,204,production,POST,f71d3fef-a6d1-41bb-b4d7-7a0d49c71a13,ce013e3f5e58a0b7f53fb00a294b98ee,/device-api/v2/devices/f71d3fef-a6d1-41bb-b4d7-7a0d49c71a13/data,https://connect.g2bcc.com/device-api/v2/devices/f71d3fef-a6d1-41bb-b4d7-7a0d49c71a13/data,"DeviceApiV2DeviceController.postDeviceData(String,DeviceDataV2,HttpServletRequest)","ch.belimo.cloud.server.deviceapi.v2.DeviceApiV2DeviceController#postDeviceData(String, DeviceDataV2, HttpServletRequest)",chwok6y2w4pb,http-nio-8080-exec-198,"sharedlogic/2.15.11-0 (bsp 9.4.0-1, model 3.42.981-0)",2025-01-16 08:45:23.482
33,device,DeviceApiV2DeviceController,production,core-cloud,CCB:240cd990-a4fa-4d04-9d58-9f9424b99124,,71,logsearch-lifeline-agent-stateful-0.logsearch-lifeline-agent-stateful.default.svc.cluster.local,204,production,POST,fb293cc1-0ab8-454f-b360-5e0090e8181d,72049c96f23e0389ad15819080179580,/device-api/v2/devices/fb293cc1-0ab8-454f-b360-5e0090e8181d/data,https://connect.g2bcc.com/device-api/v2/devices/fb293cc1-0ab8-454f-b360-5e0090e8181d/data,"DeviceApiV2DeviceController.postDeviceData(String,DeviceDataV2,HttpServletRequest)","ch.belimo.cloud.server.deviceapi.v2.DeviceApiV2DeviceController#postDeviceData(String, DeviceDataV2, HttpServletRequest)",chwok6y2w4pb,http-nio-8080-exec-33,"sharedlogic/3.17.2-0 (bsp 10.5.0-0, model 3.46.386-0, bacnet 2.1.0)",2025-01-16 08:45:23.479
34,device,DeviceApiV2DeviceController,production,core-cloud,CCB:da97b85c-acf9-445f-bf0a-af0f325408a8,,16,logsearch-lifeline-agent-stateful-0.logsearch-lifeline-agent-stateful.default.svc.cluster.local,200,production,GET,4f644e0c-b474-4ad4-9f64-632d46c20b1e,ad73339cb2a4d17d94e0d61001fe4b23,/device-api/v2/devices/4f644e0c-b474-4ad4-9f64-632d46c20b1e/tasks,https://connect.g2bcc.com/device-api/v2/devices/4f644e0c-b474-4ad4-9f64-632d46c20b1e/tasks,"DeviceApiV2DeviceController.getTaskList(String,Integer)","ch.belimo.cloud.server.deviceapi.v2.DeviceApiV2DeviceController#getTaskList(String, Integer)",111elm3x3ote5,http-nio-8080-exec-35,"sharedlogic/3.17.2-0 (bsp 10.5.0-0, model 3.46.386-0, bacnet 2.1.0)",2025-01-16 08:45:23.504
35,device,DeviceApiV2DeviceController,production,core-cloud,CCB:a24e8c0c-4b84-426a-9531-0d859f1544e7,,12,logsearch-lifeline-agent-stateful-0.logsearch-lifeline-agent-stateful.default.svc.cluster.local,200,production,GET,12adb35c-f0bb-4844-9409-506f7c272e8e,ae67b6192af3fc10a31aeb660425cb83,/device-api/v2/devices/12adb35c-f0bb-4844-9409-506f7c272e8e/tasks,https://connect.g2bcc.com/device-api/v2/devices/12adb35c-f0bb-4844-9409-506f7c272e8e/tasks,"DeviceApiV2DeviceController.getTaskList(String,Integer)","ch.belimo.cloud.server.deviceapi.v2.DeviceApiV2DeviceController#getTaskList(String, Integer)",111elm3x3ote5,http-nio-8080-exec-70,"sharedlogic/3.17.3-0 (bsp 10.8.0-0, model 3.47.390-0, bacnet 2.1.0)",2025-01-16 08:45:23.512
36,device,DeviceApiV2DeviceController,production,core-cloud,CCB:8a1ec2ba-ba55-4062-999c-46732c7f363d,,9,logsearch-lifeline-agent-stateful-0.logsearch-lifeline-agent-stateful.default.svc.cluster.local,200,production,GET,da58310f-5069-45d1-a115-c4de18f0768a,3c96f437870bab8268badfcd6f1fcd3e,/device-api/v2/devices/da58310f-5069-45d1-a115-c4de18f0768a/tasks,https://connect.g2bcc.com/device-api/v2/devices/da58310f-5069-45d1-a115-c4de18f0768a/tasks,"DeviceApiV2DeviceController.getTaskList(String,Integer)","ch.belimo.cloud.server.deviceapi.v2.DeviceApiV2DeviceController#getTaskList(String, Integer)",111elm3x3ote5,http-nio-8080-exec-160,"sharedlogic/2.15.11-0 (bsp 9.4.0-1, model 3.35.363-1)",2025-01-16 08:45:23.519
37,device,DeviceUpdateApiController,production,core-cloud,CCB:7320ef90-9f6e-494e-ab47-40a97695fabc,,86,logsearch-lifeline-agent-stateful-0.logsearch-lifeline-agent-stateful.default.svc.cluster.local,200,production,POST,971a6cfc-c40c-4180-8e96-03b3dbe3e4c3,2b820f0684e5d12b716219b18b855d1d,/device-api/update,https://connect.g2bcc.com/device-api/update,"DeviceUpdateApiController.postUpdateInquiry(UpdateInquiry,HttpServletRequest)","ch.belimo.cloud.server.deviceapi.base.DeviceUpdateApiController#postUpdateInquiry(UpdateInquiry, HttpServletRequest)",1aciv1okgkzbs,http-nio-8080-exec-156,"sharedlogic/3.17.2-0 (bsp 10.5.0-0, model 3.46.386-0, bacnet 2.1.0)",2025-01-16 08:45:23.455
38,device,DeviceApiV2DeviceController,production,core-cloud,CCB:6b6d7709-9002-4aed-8498-32dcbca8a69a,,24,logsearch-lifeline-agent-stateful-0.logsearch-lifeline-agent-stateful.default.svc.cluster.local,204,production,POST,522ebe57-579d-4e59-b5c6-b2e34752d334,14369a31b244d355597552a7d66d3b15,/device-api/v2/devices/f8bf5595-0b2c-47dc-af7f-6d52d9377099/data,https://connect.g2bcc.com/device-api/v2/devices/f8bf5595-0b2c-47dc-af7f-6d52d9377099/data,"DeviceApiV2DeviceController.postDeviceData(String,DeviceDataV2,HttpServletRequest)","ch.belimo.cloud.server.deviceapi.v2.DeviceApiV2DeviceController#postDeviceData(String, DeviceDataV2, HttpServletRequest)",chwok6y2w4pb,http-nio-8080-exec-102,,2025-01-16 08:45:23.520
39,device,DeviceApiV2DeviceController,production,core-cloud,CCB:ea3b3378-214b-47cf-8136-5a44710e21fb,,30,logsearch-lifeline-agent-stateful-0.logsearch-lifeline-agent-stateful.default.svc.cluster.local,204,production,POST,0df8ef71-9a53-458b-a1af-990beb002b50,1ad9e8c8f206bc40d9b675f349533f4d,/device-api/v2/devices/0df8ef71-9a53-458b-a1af-990beb002b50/data,https://connect.g2bcc.com/device-api/v2/devices/0df8ef71-9a53-458b-a1af-990beb002b50/data,"DeviceApiV2DeviceController.postDeviceData(String,DeviceDataV2,HttpServletRequest)","ch.belimo.cloud.server.deviceapi.v2.DeviceApiV2DeviceController#postDeviceData(String, DeviceDataV2, HttpServletRequest)",chwok6y2w4pb,http-nio-8080-exec-142,"sharedlogic/4.21.1 (bsp 13.9.0, model 1.0.4, bootloader 2019.01.0, fieldbus 01.00.0016)",2025-01-16 08:45:23.515
40,device,DeviceApiV2DeviceController,production,core-cloud,CCB:24432996-0bf1-4a40-a8b4-3b75242ff730,,11,logsearch-lifeline-agent-stateful-0.logsearch-lifeline-agent-stateful.default.svc.cluster.local,200,production,GET,8572c289-58ab-4c51-af0d-1f4b32fd0d7b,02d0da0752b70100f5b181ee40a18680,/device-api/v2/devices/8572c289-58ab-4c51-af0d-1f4b32fd0d7b/tasks,https://connect.g2bcc.com/device-api/v2/devices/8572c289-58ab-4c51-af0d-1f4b32fd0d7b/tasks,"DeviceApiV2DeviceController.getTaskList(String,Integer)","ch.belimo.cloud.server.deviceapi.v2.DeviceApiV2DeviceController#getTaskList(String, Integer)",111elm3x3ote5,http-nio-8080-exec-45,"sharedlogic/2.15.5-2 (bsp 9.4.0-0, model 3.24.346-0)",2025-01-16 08:45:23.080
41,device,DeviceApiV2DeviceController,production,core-cloud,CCB:cd1eeb31-8bec-485c-aa6f-af8333675112,,18,logsearch-lifeline-agent-stateful-0.logsearch-lifeline-agent-stateful.default.svc.cluster.local,200,production,GET,80c981bb-ff33-45b1-95ab-de1a50867b5c,f82ad65829a084067e4c741ffff1868c,/device-api/v2/devices/80c981bb-ff33-45b1-95ab-de1a50867b5c/tasks,https://connect.g2bcc.com/device-api/v2/devices/80c981bb-ff33-45b1-95ab-de1a50867b5c/tasks,"DeviceApiV2DeviceController.getTaskList(String,Integer)","ch.belimo.cloud.server.deviceapi.v2.DeviceApiV2DeviceController#getTaskList(String, Integer)",111elm3x3ote5,http-nio-8080-exec-132,"sharedlogic/2.15.9-1 (bsp 9.4.0-0, model 3.35.363-0)",2025-01-16 08:45:23.075
42,device,DeviceApiV2DeviceController,production,core-cloud,CCB:d69dc77f-fff1-46ce-b910-2c05315bc4d1,,18,logsearch-lifeline-agent-stateful-0.logsearch-lifeline-agent-stateful.default.svc.cluster.local,200,production,GET,fe3767bd-74b9-443e-8cbd-f8b3b98410c6,208a5a944408e4c93a75f40cc0b6b943,/device-api/v2/devices/4580f481-082c-4d27-9c53-caf7975529c6/tasks,https://connect.g2bcc.com/device-api/v2/devices/4580f481-082c-4d27-9c53-caf7975529c6/tasks,"DeviceApiV2DeviceController.getTaskList(String,Integer)","ch.belimo.cloud.server.deviceapi.v2.DeviceApiV2DeviceController#getTaskList(String, Integer)",111elm3x3ote5,http-nio-8080-exec-158,,2025-01-16 08:45:23.075
43,device,DeviceApiV2DeviceController,production,core-cloud,CCB:214c454b-30ff-4371-9123-d93e30d286d1,,9,logsearch-lifeline-agent-stateful-0.logsearch-lifeline-agent-stateful.default.svc.cluster.local,204,production,POST,63e7c8bf-bdd6-4818-aab1-9ee4edc4046a,888b015df8a72fbe7f36b5a360e27336,/device-api/v2/devices/63e7c8bf-bdd6-4818-aab1-9ee4edc4046a/logs/production/sl-java2,https://connect.g2bcc.com/device-api/v2/devices/63e7c8bf-bdd6-4818-aab1-9ee4edc4046a/logs/production/sl-java2,"DeviceApiV2DeviceController.postDeviceLog(String,String,String,MediaType,InputStream)","ch.belimo.cloud.server.deviceapi.v2.DeviceApiV2DeviceController#postDeviceLog(String, String, String, MediaType, InputStream)",18usayialhtup,http-nio-8080-exec-105,"sharedlogic/4.26.2 (bsp 13.12.1, model 1.1.6, bootloader 2019.01.0, fieldbus 01.02.0002)",2025-01-16 08:45:23.093
44,device,DeviceApiV2DeviceController,production,core-cloud,CCB:e381cd96-0be4-406e-a6d7-18ca90a48ebe,,18,logsearch-lifeline-agent-stateful-0.logsearch-lifeline-agent-stateful.default.svc.cluster.local,204,production,POST,6548a75b-ea83-4c50-a99f-db9c9abd3143,06df14a8f7ab20442b6b17696027b8ff,/device-api/v2/devices/09115ad0-ef5f-421f-bd81-97cfa63e56e5/data,https://connect.g2bcc.com/device-api/v2/devices/09115ad0-ef5f-421f-bd81-97cfa63e56e5/data,"DeviceApiV2DeviceController.postDeviceData(String,DeviceDataV2,HttpServletRequest)","ch.belimo.cloud.server.deviceapi.v2.DeviceApiV2DeviceController#postDeviceData(String, DeviceDataV2, HttpServletRequest)",chwok6y2w4pb,http-nio-8080-exec-71,"sharedlogic/4.4.1-0 (bsp 12.2.1-0, model 1.2.4-0, bacnet N/A)",2025-01-16 08:45:23.092
45,device,DeviceApiV2DeviceController,production,core-cloud,CCB:807d5283-e169-48c0-b3aa-3cc1bcaa8b36,,10,logsearch-lifeline-agent-stateful-0.logsearch-lifeline-agent-stateful.default.svc.cluster.local,200,production,GET,f944405a-9f03-480f-9b6d-e2437b685478,d5c06182c3ade9d2e08423d755faa4f7,/device-api/v2/devices/f944405a-9f03-480f-9b6d-e2437b685478/tasks,https://connect.g2bcc.com/device-api/v2/devices/f944405a-9f03-480f-9b6d-e2437b685478/tasks,"DeviceApiV2DeviceController.getTaskList(String,Integer)","ch.belimo.cloud.server.deviceapi.v2.DeviceApiV2DeviceController#getTaskList(String, Integer)",111elm3x3ote5,http-nio-8080-exec-186,"sharedlogic/4.26.2 (bsp 13.12.1, model 1.1.6, bootloader 2019.01.0, fieldbus 01.02.0002)",2025-01-16 08:45:23.103
46,device,DeviceApiV2DeviceController,production,core-cloud,CCB:534ac916-77d0-47e1-a5da-4ae8f572f6b4,,9,logsearch-lifeline-agent-stateful-0.logsearch-lifeline-agent-stateful.default.svc.cluster.local,200,production,GET,0703d7a6-9c9d-4dba-8bbd-c4f00612d129,16e53d888900d5ef57770822ce40e700,/device-api/v2/devices/968c849c-4fed-4ae7-9e62-848fa307648c/tasks,https://connect.g2bcc.com/device-api/v2/devices/968c849c-4fed-4ae7-9e62-848fa307648c/tasks,"DeviceApiV2DeviceController.getTaskList(String,Integer)","ch.belimo.cloud.server.deviceapi.v2.DeviceApiV2DeviceController#getTaskList(String, Integer)",111elm3x3ote5,http-nio-8080-exec-114,,2025-01-16 08:45:23.106
47,device,DeviceApiV2DeviceController,production,core-cloud,CCB:c427e782-0848-4945-b49d-443f3a02480c,,9,logsearch-lifeline-agent-stateful-0.logsearch-lifeline-agent-stateful.default.svc.cluster.local,200,production,GET,81aeaf01-2f2b-4ce3-986a-ab8742d89cb6,a43c1fa7c2d821ef3d122794102501fb,/device-api/v2/devices/2f58f72e-220e-42b7-9c9a-faae319bec63/tasks,https://connect.g2bcc.com/device-api/v2/devices/2f58f72e-220e-42b7-9c9a-faae319bec63/tasks,"DeviceApiV2DeviceController.getTaskList(String,Integer)","ch.belimo.cloud.server.deviceapi.v2.DeviceApiV2DeviceController#getTaskList(String, Integer)",111elm3x3ote5,http-nio-8080-exec-5,,2025-01-16 08:45:23.127
48,device,DeviceApiV2DeviceController,production,core-cloud,CCB:e6ddd9e2-e82a-4649-b1e3-66f75f5996c7,,28,logsearch-lifeline-agent-stateful-0.logsearch-lifeline-agent-stateful.default.svc.cluster.local,204,production,POST,74d18b08-6d6c-470c-9815-6abfbae62d0c,e844b5ec2cc9504685d15cfc4104f7f7,/device-api/v2/devices/74d18b08-6d6c-470c-9815-6abfbae62d0c/data,https://connect.g2bcc.com/device-api/v2/devices/74d18b08-6d6c-470c-9815-6abfbae62d0c/data,"DeviceApiV2DeviceController.postDeviceData(String,DeviceDataV2,HttpServletRequest)","ch.belimo.cloud.server.deviceapi.v2.DeviceApiV2DeviceController#postDeviceData(String, DeviceDataV2, HttpServletRequest)",chwok6y2w4pb,http-nio-8080-exec-68,"sharedlogic/5.21.4 (bsp 14.11.2, model 2.1.2, bootloader 2022.02.0, fieldbus 01.05.0000)",2025-01-16 08:45:23.525
49,device,DeviceApiV2DeviceController,production,core-cloud,CCB:ac95f3df-13b5-4b4b-9fdc-c72e07b78b95,,78,logsearch-lifeline-agent-stateful-0.logsearch-lifeline-agent-stateful.default.svc.cluster.local,200,production,GET,6c69b424-0aeb-4b65-8729-2c5ee41b3f50,011dba3f64868ee8fbe5356bfcbaf350,/device-api/v2/devices/bf151585-b800-47c2-a111-7db2baf3ae3b/tasks,https://connect.g2bcc.com/device-api/v2/devices/bf151585-b800-47c2-a111-7db2baf3ae3b/tasks,"DeviceApiV2DeviceController.getTaskList(String,Integer)","ch.belimo.cloud.server.deviceapi.v2.DeviceApiV2DeviceController#getTaskList(String, Integer)",111elm3x3ote5,http-nio-8080-exec-30,,2025-01-16 08:45:23.480
50,device,DeviceRegistrationApiController,production,core-cloud,CCB:48fb7a05-994a-47e8-a8df-7a463c947eb3,,209,logsearch-lifeline-agent-stateful-0.logsearch-lifeline-agent-stateful.default.svc.cluster.local,200,production,POST,7d5c1e32-1815-4c1d-9293-87077eee8e98,c6afe5bea5a652797e71d3d1fc79746f,/device-api/registration,https://connect.g2bcc.com/device-api/registration,"DeviceRegistrationApiController.registerDevice(DeviceRegistrationRequest,HttpServletRequest)","ch.belimo.cloud.server.deviceapi.base.DeviceRegistrationApiController#registerDevice(DeviceRegistrationRequest, HttpServletRequest)",1lg227csichd4,http-nio-8080-exec-128,,2025-01-16 08:45:23.357
51,device,DeviceApiV2DeviceController,production,core-cloud,CCB:7fa8c803-d6f0-4d63-b28c-00f5f9e9332c,,29,logsearch-lifeline-agent-stateful-0.logsearch-lifeline-agent-stateful.default.svc.cluster.local,200,production,GET,d71c6313-c8e6-4e60-8e7b-f9a814888c99,56da1574607519ff56f7acf27ded000a,/device-api/v2/devices/d71c6313-c8e6-4e60-8e7b-f9a814888c99/tasks,https://connect.g2bcc.com/device-api/v2/devices/d71c6313-c8e6-4e60-8e7b-f9a814888c99/tasks,"DeviceApiV2DeviceController.getTaskList(String,Integer)","ch.belimo.cloud.server.deviceapi.v2.DeviceApiV2DeviceController#getTaskList(String, Integer)",111elm3x3ote5,http-nio-8080-exec-153,"sharedlogic/2.15.10-0 (bsp 9.4.0-0, model 3.39.375-0)",2025-01-16 08:45:23.558
52,device,DeviceApiV2DeviceController,production,core-cloud,CCB:0b11e584-e050-4b0e-8d16-fc450c1cb0e6,,72,logsearch-lifeline-agent-stateful-0.logsearch-lifeline-agent-stateful.default.svc.cluster.local,200,production,GET,3446ab0f-85f0-4719-a9ea-a5a00739a6c7,310f9583f26b9aff1cf5c433e335d9bf,/device-api/v2/devices/ee429f44-335c-48c2-a098-5070bfbc6026/tasks,https://connect.g2bcc.com/device-api/v2/devices/ee429f44-335c-48c2-a098-5070bfbc6026/tasks,"DeviceApiV2DeviceController.getTaskList(String,Integer)","ch.belimo.cloud.server.deviceapi.v2.DeviceApiV2DeviceController#getTaskList(String, Integer)",111elm3x3ote5,http-nio-8080-exec-119,,2025-01-16 08:45:23.534
53,device,DeviceApiV2DeviceController,production,core-cloud,CCB:fe42b4a8-a1bb-40d4-8785-4baae7d371da,,13,logsearch-lifeline-agent-stateful-0.logsearch-lifeline-agent-stateful.default.svc.cluster.local,200,production,GET,988f92da-ffd3-4b47-9ed3-5bd3f6af65cc,8f5c1e70b0236652a02067a47b0a55de,/device-api/v2/devices/988f92da-ffd3-4b47-9ed3-5bd3f6af65cc/tasks,https://connect.g2bcc.com/device-api/v2/devices/988f92da-ffd3-4b47-9ed3-5bd3f6af65cc/tasks,"DeviceApiV2DeviceController.getTaskList(String,Integer)","ch.belimo.cloud.server.deviceapi.v2.DeviceApiV2DeviceController#getTaskList(String, Integer)",111elm3x3ote5,http-nio-8080-exec-131,"sharedlogic/5.21.4 (bsp 14.11.2, model 2.1.2, bootloader 2022.02.0, fieldbus 01.05.0000)",2025-01-16 08:45:23.539
54,device,DeviceApiV2DeviceController,production,core-cloud,CCB:f0930df2-c4cc-4a81-9f81-e60af1a38b79,,12,logsearch-lifeline-agent-stateful-0.logsearch-lifeline-agent-stateful.default.svc.cluster.local,200,production,GET,4984c42c-2cfa-4415-99b3-0041c7e16a01,22d091f927cbeb1a62707e4275704a5e,/device-api/v2/devices/e2b10eb1-dd89-4b41-abc3-ec22cac2f42c/tasks,https://connect.g2bcc.com/device-api/v2/devices/e2b10eb1-dd89-4b41-abc3-ec22cac2f42c/tasks,"DeviceApiV2DeviceController.getTaskList(String,Integer)","ch.belimo.cloud.server.deviceapi.v2.DeviceApiV2DeviceController#getTaskList(String, Integer)",111elm3x3ote5,http-nio-8080-exec-150,,2025-01-16 08:45:23.543
55,device,DeviceApiV2DeviceController,production,core-cloud,CCB:550dc1d4-f738-4f6d-b7cb-b3df6b0e950b,,11,logsearch-lifeline-agent-stateful-0.logsearch-lifeline-agent-stateful.default.svc.cluster.local,200,production,GET,4115670a-4c8b-4a8a-ba51-d8450791e200,5bec8505635643a6b3a429b6d409a569,/device-api/v2/devices/2056fb1a-40ec-4daa-9af1-1eff3937f8f1/tasks,https://connect.g2bcc.com/device-api/v2/devices/2056fb1a-40ec-4daa-9af1-1eff3937f8f1/tasks,"DeviceApiV2DeviceController.getTaskList(String,Integer)","ch.belimo.cloud.server.deviceapi.v2.DeviceApiV2DeviceController#getTaskList(String, Integer)",111elm3x3ote5,http-nio-8080-exec-8,,2025-01-16 08:45:23.556
56,device,DeviceApiV2DeviceController,production,core-cloud,CCB:e46ded14-c04b-459f-a265-6336c73ac838,,13,logsearch-lifeline-agent-stateful-0.logsearch-lifeline-agent-stateful.default.svc.cluster.local,200,production,GET,9516d85b-19ba-44bd-bd83-98caf816a063,0949d45d8419080a2bf0ec5d11dce356,/device-api/v2/devices/9516d85b-19ba-44bd-bd83-98caf816a063/tasks,https://connect.g2bcc.com/device-api/v2/devices/9516d85b-19ba-44bd-bd83-98caf816a063/tasks,"DeviceApiV2DeviceController.getTaskList(String,Integer)","ch.belimo.cloud.server.deviceapi.v2.DeviceApiV2DeviceController#getTaskList(String, Integer)",111elm3x3ote5,http-nio-8080-exec-52,"sharedlogic/4.4.1-0 (bsp 12.2.1-0, model 1.2.4-0, bacnet N/A)",2025-01-16 08:45:23.568
57,device,DeviceApiV2DeviceController,production,core-cloud,CCB:59a6fb52-9faa-4834-8f66-989a20f48a46,,12,logsearch-lifeline-agent-stateful-0.logsearch-lifeline-agent-stateful.default.svc.cluster.local,200,production,GET,43018fa7-ae81-4639-872f-c61077292c53,1f355913caf618d4e107993e97d822d5,/device-api/v2/devices/80f9e2da-bb00-4597-bb93-05ad974d8585/tasks,https://connect.g2bcc.com/device-api/v2/devices/80f9e2da-bb00-4597-bb93-05ad974d8585/tasks,"DeviceApiV2DeviceController.getTaskList(String,Integer)","ch.belimo.cloud.server.deviceapi.v2.DeviceApiV2DeviceController#getTaskList(String, Integer)",111elm3x3ote5,http-nio-8080-exec-23,,2025-01-16 08:45:23.573
58,device,DeviceApiV2DeviceController,production,core-cloud,CCB:7f99d4d5-7be6-47c3-94a9-c087a8a062c6,,14,logsearch-lifeline-agent-stateful-0.logsearch-lifeline-agent-stateful.default.svc.cluster.local,200,production,GET,73daa418-1a4f-4fa0-a0b6-0da0c6937f4c,f9463191aa599f6dc883384741957984,/device-api/v2/devices/73daa418-1a4f-4fa0-a0b6-0da0c6937f4c/tasks,https://connect.g2bcc.com/device-api/v2/devices/73daa418-1a4f-4fa0-a0b6-0da0c6937f4c/tasks,"DeviceApiV2DeviceController.getTaskList(String,Integer)","ch.belimo.cloud.server.deviceapi.v2.DeviceApiV2DeviceController#getTaskList(String, Integer)",111elm3x3ote5,http-nio-8080-exec-36,"sharedlogic/5.21.4 (bsp 14.11.2, model 2.2.1, bootloader 2022.02.0, fieldbus 01.05.0004)",2025-01-16 08:45:23.571
59,device,DeviceApiV2DeviceController,production,core-cloud,CCB:71febc5d-5960-4c96-947e-b9b3da862c64,,19,logsearch-lifeline-agent-stateful-0.logsearch-lifeline-agent-stateful.default.svc.cluster.local,204,production,POST,6c791a05-0b2d-462d-a959-898026be1c03,ba30868d395906a73fda011e00f0b826,/device-api/v2/devices/aff56ffa-ff6d-454b-a241-a485ba10fd6c/data,https://connect.g2bcc.com/device-api/v2/devices/aff56ffa-ff6d-454b-a241-a485ba10fd6c/data,"DeviceApiV2DeviceController.postDeviceData(String,DeviceDataV2,HttpServletRequest)","ch.belimo.cloud.server.deviceapi.v2.DeviceApiV2DeviceController#postDeviceData(String, DeviceDataV2, HttpServletRequest)",chwok6y2w4pb,http-nio-8080-exec-50,,2025-01-16 08:45:23.572
60,device,DeviceUpdateApiController,production,core-cloud,CCB:f74525cd-1581-4a64-97bd-376b62be57a5,,89,logsearch-lifeline-agent-stateful-0.logsearch-lifeline-agent-stateful.default.svc.cluster.local,200,production,POST,8396ff04-2ea7-4ff0-8b54-1c67ab51f78f,4e3741f8ca8a100410ef83dcde049267,/device-api/update,https://connect.g2bcc.com/device-api/update,"DeviceUpdateApiController.postUpdateInquiry(UpdateInquiry,HttpServletRequest)","ch.belimo.cloud.server.deviceapi.base.DeviceUpdateApiController#postUpdateInquiry(UpdateInquiry, HttpServletRequest)",1aciv1okgkzbs,http-nio-8080-exec-136,"sharedlogic/3.22.5-0 (bsp 10.8.0-0, model 1.3.2-0, bacnet 2.1.0)",2025-01-16 08:45:23.503
61,device,DeviceApiV2DeviceController,production,core-cloud,CCB:79991bb9-fe7b-45c2-a5a6-32e0371548bb,,11,logsearch-lifeline-agent-stateful-0.logsearch-lifeline-agent-stateful.default.svc.cluster.local,200,production,GET,7c461d69-c1fd-45ac-a1b1-2805ba5fe86f,b0558369ba58190b5e73aa02035d8a74,/device-api/v2/devices/039408da-8686-45b7-a7b2-9830c32f19ad/tasks,https://connect.g2bcc.com/device-api/v2/devices/039408da-8686-45b7-a7b2-9830c32f19ad/tasks,"DeviceApiV2DeviceController.getTaskList(String,Integer)","ch.belimo.cloud.server.deviceapi.v2.DeviceApiV2DeviceController#getTaskList(String, Integer)",111elm3x3ote5,http-nio-8080-exec-48,,2025-01-16 08:45:23.583
62,device,DeviceApiV2DeviceController,production,core-cloud,CCB:52bc0baf-bc2c-4c16-ad2d-22d6bb5b7a4f,,37,logsearch-lifeline-agent-stateful-0.logsearch-lifeline-agent-stateful.default.svc.cluster.local,200,production,GET,24d37a40-5436-425c-a22f-7d453456c3e1,a445a1ab497825b86d0ad020df6f86b9,/device-api/v2/devices/24d37a40-5436-425c-a22f-7d453456c3e1/tasks,https://connect.g2bcc.com/device-api/v2/devices/24d37a40-5436-425c-a22f-7d453456c3e1/tasks,"DeviceApiV2DeviceController.getTaskList(String,Integer)","ch.belimo.cloud.server.deviceapi.v2.DeviceApiV2DeviceController#getTaskList(String, Integer)",111elm3x3ote5,http-nio-8080-exec-63,"sharedlogic/5.21.4 (bsp 14.11.2, model 2.1.6, bootloader 2022.02.0, fieldbus 01.05.0002)",2025-01-16 08:45:23.574
63,device,DeviceApiV2DeviceController,production,core-cloud,CCB:f7937d32-c18f-4142-b834-94093196f867,,39,logsearch-lifeline-agent-stateful-0.logsearch-lifeline-agent-stateful.default.svc.cluster.local,200,production,GET,b534c202-3e52-4e05-a09c-32a7d93ea1da,fbdafc9545678e3c4098816c532392b9,/device-api/v2/devices/e9f2ec7b-2689-42e2-849b-d2ff50245557/tasks,https://connect.g2bcc.com/device-api/v2/devices/e9f2ec7b-2689-42e2-849b-d2ff50245557/tasks,"DeviceApiV2DeviceController.getTaskList(String,Integer)","ch.belimo.cloud.server.deviceapi.v2.DeviceApiV2DeviceController#getTaskList(String, Integer)",111elm3x3ote5,http-nio-8080-exec-75,,2025-01-16 08:45:23.573
64,device,DeviceApiV2DeviceController,production,core-cloud,CCB:8658e867-4d85-4b0e-acec-73f5c9c2fc14,,59,logsearch-lifeline-agent-stateful-0.logsearch-lifeline-agent-stateful.default.svc.cluster.local,200,production,GET,6767adc7-21ee-470f-9668-67f7c857fffe,d866b29062ae9a0bbd468b0e3853e931,/device-api/v2/devices/6767adc7-21ee-470f-9668-67f7c857fffe/tasks,https://connect.g2bcc.com/device-api/v2/devices/6767adc7-21ee-470f-9668-67f7c857fffe/tasks,"DeviceApiV2DeviceController.getTaskList(String,Integer)","ch.belimo.cloud.server.deviceapi.v2.DeviceApiV2DeviceController#getTaskList(String, Integer)",111elm3x3ote5,http-nio-8080-exec-30,"sharedlogic/5.21.4 (bsp 14.11.2, model 2.1.6, bootloader 2022.02.0, fieldbus 01.05.0002)",2025-01-16 08:45:23.559
65,device,DeviceApiV2DeviceController,production,core-cloud,CCB:732cc9dd-3ce3-4510-9165-5563c46b9a68,,26,logsearch-lifeline-agent-stateful-0.logsearch-lifeline-agent-stateful.default.svc.cluster.local,200,production,GET,b4e208c7-8d83-429f-a1b2-43e163a69007,fdea47c15874c0707bb99b3de9dcc844,/device-api/v2/devices/b4e208c7-8d83-429f-a1b2-43e163a69007/tasks,https://connect.g2bcc.com/device-api/v2/devices/b4e208c7-8d83-429f-a1b2-43e163a69007/tasks,"DeviceApiV2DeviceController.getTaskList(String,Integer)","ch.belimo.cloud.server.deviceapi.v2.DeviceApiV2DeviceController#getTaskList(String, Integer)",111elm3x3ote5,http-nio-8080-exec-105,"sharedlogic/3.17.2-0 (bsp 10.5.0-0, model 3.46.386-0, bacnet 2.1.0)",2025-01-16 08:45:23.594
66,device,DeviceApiV2DeviceController,production,core-cloud,CCB:2388de0a-b5a0-4746-ba14-1b8b6f739878,,26,logsearch-lifeline-agent-stateful-0.logsearch-lifeline-agent-stateful.default.svc.cluster.local,200,production,GET,f93be3d5-306e-4e69-8a73-6692167a5564,64791029a23d574d5ddb8422e11f48b6,/device-api/v2/devices/1655b1b7-29fa-4993-88d3-432d794756ca/tasks,https://connect.g2bcc.com/device-api/v2/devices/1655b1b7-29fa-4993-88d3-432d794756ca/tasks,"DeviceApiV2DeviceController.getTaskList(String,Integer)","ch.belimo.cloud.server.deviceapi.v2.DeviceApiV2DeviceController#getTaskList(String, Integer)",111elm3x3ote5,http-nio-8080-exec-58,,2025-01-16 08:45:23.596
67,device,DeviceApiV2DeviceController,production,core-cloud,CCB:9cc05708-6305-490d-a298-690c0aeeb46f,,39,logsearch-lifeline-agent-stateful-0.logsearch-lifeline-agent-stateful.default.svc.cluster.local,204,production,POST,2c6dd1b3-fa96-4b5e-91af-d078b84f1ebe,4358c9073e5c1e6df6b01470d8f3a515,/device-api/v2/devices/144f1197-36ab-40fe-bb7d-81bbf9bd758f/data,https://connect.g2bcc.com/device-api/v2/devices/144f1197-36ab-40fe-bb7d-81bbf9bd758f/data,"DeviceApiV2DeviceController.postDeviceData(String,DeviceDataV2,HttpServletRequest)","ch.belimo.cloud.server.deviceapi.v2.DeviceApiV2DeviceController#postDeviceData(String, DeviceDataV2, HttpServletRequest)",chwok6y2w4pb,http-nio-8080-exec-153,"sharedlogic/4.4.1-0 (bsp 12.2.1-0, model 1.2.4-0, bacnet N/A)",2025-01-16 08:45:23.590
68,device,DeviceApiV2DeviceController,production,core-cloud,CCB:891aec70-38ab-433d-8ffa-8276dddf8699,,10,logsearch-lifeline-agent-stateful-0.logsearch-lifeline-agent-stateful.default.svc.cluster.local,200,production,GET,0fbd8d2a-d019-42ac-8a5d-8778fe4aad58,cd00e3735e6bce2510eb9ff3e51fdf91,/device-api/v2/devices/0fbd8d2a-d019-42ac-8a5d-8778fe4aad58/tasks,https://connect.g2bcc.com/device-api/v2/devices/0fbd8d2a-d019-42ac-8a5d-8778fe4aad58/tasks,"DeviceApiV2DeviceController.getTaskList(String,Integer)","ch.belimo.cloud.server.deviceapi.v2.DeviceApiV2DeviceController#getTaskList(String, Integer)",111elm3x3ote5,http-nio-8080-exec-152,"sharedlogic/4.26.2 (bsp 13.12.1, model 1.1.6, bootloader 2019.01.0, fieldbus 01.02.0002)",2025-01-16 08:45:23.592
69,device,DeviceApiV2DeviceController,production,core-cloud,CCB:8efdd328-3738-4a4b-98fa-2fe90b3408bc,,10,logsearch-lifeline-agent-stateful-0.logsearch-lifeline-agent-stateful.default.svc.cluster.local,200,production,GET,f5b18370-abbf-4d36-8948-cbea1f6e67be,1c60cf6f706d193961b757a8d5a2ad53,/device-api/v2/devices/f5b18370-abbf-4d36-8948-cbea1f6e67be/tasks,https://connect.g2bcc.com/device-api/v2/devices/f5b18370-abbf-4d36-8948-cbea1f6e67be/tasks,"DeviceApiV2DeviceController.getTaskList(String,Integer)","ch.belimo.cloud.server.deviceapi.v2.DeviceApiV2DeviceController#getTaskList(String, Integer)",111elm3x3ote5,http-nio-8080-exec-188,"sharedlogic/4.21.1 (bsp 13.9.0, model 1.0.4, bootloader 2019.01.0, fieldbus 01.00.0016)",2025-01-16 08:45:23.596
70,device,DeviceApiV2DeviceController,production,core-cloud,CCB:20d5ee12-2668-43cc-bd77-77dc79bfabe0,,10,logsearch-lifeline-agent-stateful-0.logsearch-lifeline-agent-stateful.default.svc.cluster.local,200,production,GET,ad2747b6-7cc8-42d7-b427-b2709e6eee79,c814fb269c21f847920c06aedd8d5eae,/device-api/v2/devices/059e2885-a78b-49ae-878e-715d96e64f98/tasks,https://connect.g2bcc.com/device-api/v2/devices/059e2885-a78b-49ae-878e-715d96e64f98/tasks,"DeviceApiV2DeviceController.getTaskList(String,Integer)","ch.belimo.cloud.server.deviceapi.v2.DeviceApiV2DeviceController#getTaskList(String, Integer)",111elm3x3ote5,http-nio-8080-exec-115,,2025-01-16 08:45:23.605
71,device,DeviceApiV2DeviceController,production,core-cloud,CCB:a49406d2-9486-4397-83e2-4ecefecca68a,,13,logsearch-lifeline-agent-stateful-0.logsearch-lifeline-agent-stateful.default.svc.cluster.local,200,production,GET,d8fbd8c7-85a6-4cb6-be7f-83112ab2a362,afcfd2e46b4bf63a4c62c8691a0704a1,/device-api/v2/devices/d8fbd8c7-85a6-4cb6-be7f-83112ab2a362/tasks,https://connect.g2bcc.com/device-api/v2/devices/d8fbd8c7-85a6-4cb6-be7f-83112ab2a362/tasks,"DeviceApiV2DeviceController.getTaskList(String,Integer)","ch.belimo.cloud.server.deviceapi.v2.DeviceApiV2DeviceController#getTaskList(String, Integer)",111elm3x3ote5,http-nio-8080-exec-189,"sharedlogic/3.17.3-0 (bsp 10.8.0-0, model 3.47.390-0, bacnet 2.1.0)",2025-01-16 08:45:23.606
72,device,DeviceApiV2DeviceController,production,core-cloud,CCB:0dfb9f86-1302-496d-a59e-d704724d1166,,13,logsearch-lifeline-agent-stateful-0.logsearch-lifeline-agent-stateful.default.svc.cluster.local,200,production,GET,cc95c040-da6b-4772-a71a-f614858c9130,b1e0c0cb22a7a4a14fce3c595177f9fb,/device-api/v2/devices/7496540d-9c47-4aad-8347-b81ffdd5d55a/tasks,https://connect.g2bcc.com/device-api/v2/devices/7496540d-9c47-4aad-8347-b81ffdd5d55a/tasks,"DeviceApiV2DeviceController.getTaskList(String,Integer)","ch.belimo.cloud.server.deviceapi.v2.DeviceApiV2DeviceController#getTaskList(String, Integer)",111elm3x3ote5,http-nio-8080-exec-159,,2025-01-16 08:45:23.607
73,device,DeviceApiV2DeviceController,production,core-cloud,CCB:19cf9e0b-f72d-4077-89ee-b1da801fee57,,8,logsearch-lifeline-agent-stateful-0.logsearch-lifeline-agent-stateful.default.svc.cluster.local,200,production,GET,b864bb13-c438-4726-9c25-f5153bfa75a9,3e95e7965afa914e67d81eeeeb54dcff,/device-api/v2/devices/d5734152-9e42-4ecc-ae73-eb267370667d/tasks,https://connect.g2bcc.com/device-api/v2/devices/d5734152-9e42-4ecc-ae73-eb267370667d/tasks,"DeviceApiV2DeviceController.getTaskList(String,Integer)","ch.belimo.cloud.server.deviceapi.v2.DeviceApiV2DeviceController#getTaskList(String, Integer)",111elm3x3ote5,http-nio-8080-exec-125,,2025-01-16 08:45:23.622
74,device,DeviceApiV2DeviceController,production,core-cloud,CCB:3b1cbd4a-1ade-4810-8b18-a8168579b6e6,,9,logsearch-lifeline-agent-stateful-0.logsearch-lifeline-agent-stateful.default.svc.cluster.local,200,production,GET,77388d4d-ad69-4c90-b00a-7a2b72b56e15,5d0e0cf5cd5e47cc2174e9577f171bb2,/device-api/v2/devices/ca4966a7-70a5-4bac-b9c9-7ad60b131209/tasks,https://connect.g2bcc.com/device-api/v2/devices/ca4966a7-70a5-4bac-b9c9-7ad60b131209/tasks,"DeviceApiV2DeviceController.getTaskList(String,Integer)","ch.belimo.cloud.server.deviceapi.v2.DeviceApiV2DeviceController#getTaskList(String, Integer)",111elm3x3ote5,http-nio-8080-exec-49,,2025-01-16 08:45:23.627
75,device,DeviceApiV2DeviceController,production,core-cloud,CCB:a0921494-5454-46bb-88d2-7c322aa8aa8f,,42,logsearch-lifeline-agent-stateful-0.logsearch-lifeline-agent-stateful.default.svc.cluster.local,200,production,GET,58ebdbef-fb31-48c6-b009-f8240c6fe68c,8908d5ba3436bff9da076039308ca805,/device-api/v2/devices/58ebdbef-fb31-48c6-b009-f8240c6fe68c/tasks,https://connect.g2bcc.com/device-api/v2/devices/58ebdbef-fb31-48c6-b009-f8240c6fe68c/tasks,"DeviceApiV2DeviceController.getTaskList(String,Integer)","ch.belimo.cloud.server.deviceapi.v2.DeviceApiV2DeviceController#getTaskList(String, Integer)",111elm3x3ote5,http-nio-8080-exec-72,"sharedlogic/3.22.3-0 (bsp 10.5.0-0, model 1.4.21-0, bacnet N/A)",2025-01-16 08:45:23.591
76,device,DeviceApiV2DeviceController,production,core-cloud,CCB:5dbce3f9-a6ec-4e22-8757-2328411a6131,,34,logsearch-lifeline-agent-stateful-0.logsearch-lifeline-agent-stateful.default.svc.cluster.local,204,production,POST,53c56e56-c5c1-44f6-97b7-35cc0465f1df,c9a603b40bce5388f8fd24ad5eb419df,/device-api/v2/devices/53c56e56-c5c1-44f6-97b7-35cc0465f1df/data,https://connect.g2bcc.com/device-api/v2/devices/53c56e56-c5c1-44f6-97b7-35cc0465f1df/data,"DeviceApiV2DeviceController.postDeviceData(String,DeviceDataV2,HttpServletRequest)","ch.belimo.cloud.server.deviceapi.v2.DeviceApiV2DeviceController#postDeviceData(String, DeviceDataV2, HttpServletRequest)",chwok6y2w4pb,http-nio-8080-exec-148,"sharedlogic/5.21.4 (bsp 14.11.2, model 2.1.6, bootloader 2022.02.0, fieldbus 01.05.0002)",2025-01-16 08:45:23.601
77,device,DeviceApiV2DeviceController,production,core-cloud,CCB:4799603d-3d49-4f74-a2d7-566ab106105a,,30,logsearch-lifeline-agent-stateful-0.logsearch-lifeline-agent-stateful.default.svc.cluster.local,200,production,GET,3f4ae2da-ceba-4bff-9ff9-fda4e21cd5c1,33e9b927f36c02b8e6ccb4d1ebdc3718,/device-api/v2/devices/fc9ec724-2cb5-49f6-8db6-d9f87a250137/tasks,https://connect.g2bcc.com/device-api/v2/devices/fc9ec724-2cb5-49f6-8db6-d9f87a250137/tasks,"DeviceApiV2DeviceController.getTaskList(String,Integer)","ch.belimo.cloud.server.deviceapi.v2.DeviceApiV2DeviceController#getTaskList(String, Integer)",111elm3x3ote5,http-nio-8080-exec-4,,2025-01-16 08:45:23.609
78,device,DeviceApiV2DeviceController,production,core-cloud,CCB:00fbde2c-ff4b-418e-be24-1ce94318a175,,30,logsearch-lifeline-agent-stateful-0.logsearch-lifeline-agent-stateful.default.svc.cluster.local,204,production,POST,1e02d81c-5608-4f46-b3d9-b728df6063f0,9bdfed1575a736e38815e3de576a7264,/device-api/v2/devices/1e02d81c-5608-4f46-b3d9-b728df6063f0/data,https://connect.g2bcc.com/device-api/v2/devices/1e02d81c-5608-4f46-b3d9-b728df6063f0/data,"DeviceApiV2DeviceController.postDeviceData(String,DeviceDataV2,HttpServletRequest)","ch.belimo.cloud.server.deviceapi.v2.DeviceApiV2DeviceController#postDeviceData(String, DeviceDataV2, HttpServletRequest)",chwok6y2w4pb,http-nio-8080-exec-161,"sharedlogic/5.21.4 (bsp 14.11.2, model 2.1.6, bootloader 2022.02.0, fieldbus 01.05.0002)",2025-01-16 08:45:23.615
79,device,DeviceApiV2DeviceController,production,core-cloud,CCB:e6ac69cf-6ea5-42e3-9a72-72bd9d2e6501,,26,logsearch-lifeline-agent-stateful-0.logsearch-lifeline-agent-stateful.default.svc.cluster.local,200,production,GET,af288ee4-e973-456a-a3cc-f2f432d75f9c,b3bf4f051a6d67c617221eeaefb742cf,/device-api/v2/devices/af288ee4-e973-456a-a3cc-f2f432d75f9c/tasks,https://connect.g2bcc.com/device-api/v2/devices/af288ee4-e973-456a-a3cc-f2f432d75f9c/tasks,"DeviceApiV2DeviceController.getTaskList(String,Integer)","ch.belimo.cloud.server.deviceapi.v2.DeviceApiV2DeviceController#getTaskList(String, Integer)",111elm3x3ote5,http-nio-8080-exec-105,"sharedlogic/3.17.2-0 (bsp 10.5.0-0, model 3.46.386-0, bacnet 2.1.0)",2025-01-16 08:45:23.621
80,device,DeviceApiV2DeviceController,production,core-cloud,CCB:79c69185-9003-4f01-ac7b-7180cd385f96,,36,logsearch-lifeline-agent-stateful-0.logsearch-lifeline-agent-stateful.default.svc.cluster.local,204,production,POST,d2b9f093-faa1-4067-adfc-03ff10554c0a,e86660c9f778df70e9d6e247e97e2ffd,/device-api/v2/devices/a89cdb35-3f5e-4302-bb0e-bce246c08c68/data,https://connect.g2bcc.com/device-api/v2/devices/a89cdb35-3f5e-4302-bb0e-bce246c08c68/data,"DeviceApiV2DeviceController.postDeviceData(String,DeviceDataV2,HttpServletRequest)","ch.belimo.cloud.server.deviceapi.v2.DeviceApiV2DeviceController#postDeviceData(String, DeviceDataV2, HttpServletRequest)",chwok6y2w4pb,http-nio-8080-exec-200,,2025-01-16 08:45:23.623
81,device,DeviceApiV2DeviceController,production,core-cloud,CCB:f8927465-4258-4261-b47d-1412ac462886,,11,logsearch-lifeline-agent-stateful-0.logsearch-lifeline-agent-stateful.default.svc.cluster.local,204,production,POST,41d110b2-121c-49c0-bc61-d952f5336ba7,0905dc64845a0afc5c279a12148aaa53,/device-api/v2/devices/dd9f5a52-906a-45f4-88a4-ca702ac71067/data,https://connect.g2bcc.com/device-api/v2/devices/dd9f5a52-906a-45f4-88a4-ca702ac71067/data,"DeviceApiV2DeviceController.postDeviceData(String,DeviceDataV2,HttpServletRequest)","ch.belimo.cloud.server.deviceapi.v2.DeviceApiV2DeviceController#postDeviceData(String, DeviceDataV2, HttpServletRequest)",chwok6y2w4pb,http-nio-8080-exec-46,,2025-01-16 08:45:23.632
82,device,DeviceApiV2DeviceController,production,core-cloud,CCB:cb4f75de-65a6-41a9-b237-1595a0080737,,13,logsearch-lifeline-agent-stateful-0.logsearch-lifeline-agent-stateful.default.svc.cluster.local,200,production,GET,370c48bf-8b5b-4167-87b9-aa1878efde22,ae8d8a3b40541e93e9534aacf297cd51,/device-api/v2/devices/370c48bf-8b5b-4167-87b9-aa1878efde22/tasks,https://connect.g2bcc.com/device-api/v2/devices/370c48bf-8b5b-4167-87b9-aa1878efde22/tasks,"DeviceApiV2DeviceController.getTaskList(String,Integer)","ch.belimo.cloud.server.deviceapi.v2.DeviceApiV2DeviceController#getTaskList(String, Integer)",111elm3x3ote5,http-nio-8080-exec-25,"sharedlogic/2.15.11-0 (bsp 9.4.0-0, model 3.39.375-0)",2025-01-16 08:45:23.641
83,device,DeviceApiV2DeviceController,production,core-cloud,CCB:161137bd-0584-40bf-ad70-b2b93f7ee10e,,10,logsearch-lifeline-agent-stateful-0.logsearch-lifeline-agent-stateful.default.svc.cluster.local,200,production,GET,ae3b07c1-30cc-4755-a9c6-6800095e023c,8faca6a548c6d4a4d5ccaf0312ad2e17,/device-api/v2/devices/ae3b07c1-30cc-4755-a9c6-6800095e023c/tasks,https://connect.g2bcc.com/device-api/v2/devices/ae3b07c1-30cc-4755-a9c6-6800095e023c/tasks,"DeviceApiV2DeviceController.getTaskList(String,Integer)","ch.belimo.cloud.server.deviceapi.v2.DeviceApiV2DeviceController#getTaskList(String, Integer)",111elm3x3ote5,http-nio-8080-exec-60,"sharedlogic/4.26.2 (bsp 13.12.1, model 1.1.5, bootloader 2019.01.0, fieldbus 01.02.0002)",2025-01-16 08:45:23.647
84,device,DeviceApiV2DeviceController,production,core-cloud,CCB:de2bca0f-8c03-495f-8427-cebd4533c5b0,,14,logsearch-lifeline-agent-stateful-0.logsearch-lifeline-agent-stateful.default.svc.cluster.local,204,production,POST,53833cf6-3979-4464-b888-2e7061002d9d,ded3421a175a1fa354ac49424015a22f,/device-api/v2/devices/7373f75f-65fb-4d6c-b5da-55061e27b8e4/data,https://connect.g2bcc.com/device-api/v2/devices/7373f75f-65fb-4d6c-b5da-55061e27b8e4/data,"DeviceApiV2DeviceController.postDeviceData(String,DeviceDataV2,HttpServletRequest)","ch.belimo.cloud.server.deviceapi.v2.DeviceApiV2DeviceController#postDeviceData(String, DeviceDataV2, HttpServletRequest)",chwok6y2w4pb,http-nio-8080-exec-95,,2025-01-16 08:45:23.647
85,device,DeviceApiV2DeviceController,production,core-cloud,CCB:8114f93f-a520-45a8-84bd-b5ca9ac08111,,15,logsearch-lifeline-agent-stateful-0.logsearch-lifeline-agent-stateful.default.svc.cluster.local,200,production,GET,a44e8c9e-95d2-48b3-8fa9-c19c41977f98,8571fdda3dc04c808c47c2e7d1268372,/device-api/v2/devices/a44e8c9e-95d2-48b3-8fa9-c19c41977f98/tasks,https://connect.g2bcc.com/device-api/v2/devices/a44e8c9e-95d2-48b3-8fa9-c19c41977f98/tasks,"DeviceApiV2DeviceController.getTaskList(String,Integer)","ch.belimo.cloud.server.deviceapi.v2.DeviceApiV2DeviceController#getTaskList(String, Integer)",111elm3x3ote5,http-nio-8080-exec-101,"sharedlogic/2.15.11-0 (bsp 9.4.0-1, model 3.35.363-1)",2025-01-16 08:45:23.651
86,device,DeviceApiV2DeviceController,production,core-cloud,CCB:30cc9d4e-532f-49b4-bfde-e3680b5503eb,,14,logsearch-lifeline-agent-stateful-0.logsearch-lifeline-agent-stateful.default.svc.cluster.local,200,production,GET,8a32559c-c521-4e77-8566-f68e9480f650,4841056a3c527eae03cf886be6ffe540,/device-api/v2/devices/8a32559c-c521-4e77-8566-f68e9480f650/tasks,https://connect.g2bcc.com/device-api/v2/devices/8a32559c-c521-4e77-8566-f68e9480f650/tasks,"DeviceApiV2DeviceController.getTaskList(String,Integer)","ch.belimo.cloud.server.deviceapi.v2.DeviceApiV2DeviceController#getTaskList(String, Integer)",111elm3x3ote5,http-nio-8080-exec-77,"sharedlogic/3.17.2-0 (bsp 10.5.0-0, model 3.46.386-0, bacnet 2.1.0)",2025-01-16 08:45:23.658
87,device,DeviceApiV2DeviceController,production,core-cloud,CCB:78d7d57b-7681-4359-a31f-1b9ebfbcd47f,,17,logsearch-lifeline-agent-stateful-0.logsearch-lifeline-agent-stateful.default.svc.cluster.local,200,production,GET,5f2df7f7-27fd-46f2-af13-1fde792f556e,d24828ee5181a47ce0ad854d292b1159,/device-api/v2/devices/0066d2fa-9f9f-41a2-bf4a-610744764751/tasks,https://connect.g2bcc.com/device-api/v2/devices/0066d2fa-9f9f-41a2-bf4a-610744764751/tasks,"DeviceApiV2DeviceController.getTaskList(String,Integer)","ch.belimo.cloud.server.deviceapi.v2.DeviceApiV2DeviceController#getTaskList(String, Integer)",111elm3x3ote5,http-nio-8080-exec-189,,2025-01-16 08:45:23.645
88,device,DeviceApiV2DeviceController,production,core-cloud,CCB:fc30a070-a49f-4e98-b79a-a1a95e44ae02,,48,logsearch-lifeline-agent-stateful-0.logsearch-lifeline-agent-stateful.default.svc.cluster.local,204,production,POST,a382d052-7d8d-4a89-8db2-583d860b0d72,eaf71a945dce9a72f325f51255891329,/device-api/v2/devices/bc432fad-5bb6-4df6-a70d-ff5104683caa/data,https://connect.g2bcc.com/device-api/v2/devices/bc432fad-5bb6-4df6-a70d-ff5104683caa/data,"DeviceApiV2DeviceController.postDeviceData(String,DeviceDataV2,HttpServletRequest)","ch.belimo.cloud.server.deviceapi.v2.DeviceApiV2DeviceController#postDeviceData(String, DeviceDataV2, HttpServletRequest)",chwok6y2w4pb,http-nio-8080-exec-182,,2025-01-16 08:45:23.622
89,device,DeviceRegistrationApiController,production,core-cloud,CCB:bcc512ef-ee0c-4a17-a0b1-5e55cf600a08,,303,logsearch-lifeline-agent-stateful-0.logsearch-lifeline-agent-stateful.default.svc.cluster.local,200,production,POST,279a7cba-ad3b-4aaa-a69e-6a0ab9cb785e,f813f3a2848662fcd7a5b6950369b67f,/device-api/registration,https://connect.g2bcc.com/device-api/registration,"DeviceRegistrationApiController.registerDevice(DeviceRegistrationRequest,HttpServletRequest)","ch.belimo.cloud.server.deviceapi.base.DeviceRegistrationApiController#registerDevice(DeviceRegistrationRequest, HttpServletRequest)",1lg227csichd4,http-nio-8080-exec-101,"sharedlogic/3.17.2-0 (bsp 10.5.0-0, model 3.46.386-0, bacnet 2.1.0)",2025-01-16 08:45:23.368
90,device,DeviceApiV2DeviceController,production,core-cloud,CCB:274c8859-99ff-48dc-b02c-3a4b551c9b96,,304,logsearch-lifeline-agent-stateful-0.logsearch-lifeline-agent-stateful.default.svc.cluster.local,204,production,POST,8d3db244-7289-4e3f-b925-b92febc71a3e,5d215a1256f553475e60d6a893af5d09,/device-api/v2/devices/8d3db244-7289-4e3f-b925-b92febc71a3e/logs/production/sl-java2,https://connect.g2bcc.com/device-api/v2/devices/8d3db244-7289-4e3f-b925-b92febc71a3e/logs/production/sl-java2,"DeviceApiV2DeviceController.postDeviceLog(String,String,String,MediaType,InputStream)","ch.belimo.cloud.server.deviceapi.v2.DeviceApiV2DeviceController#postDeviceLog(String, String, String, MediaType, InputStream)",18usayialhtup,http-nio-8080-exec-132,"sharedlogic/3.17.3-0 (bsp 10.8.0-0, model 3.47.390-0, bacnet 2.1.0)",2025-01-16 08:45:23.374
91,device,DeviceApiV2DeviceController,production,core-cloud,CCB:4b106d76-c84a-499c-8d1e-0e6eb970fd0f,,21,logsearch-lifeline-agent-stateful-0.logsearch-lifeline-agent-stateful.default.svc.cluster.local,200,production,GET,d7ad5e28-beb8-4354-8973-5bf6cf3ac363,13895344484fccf43de6caaa2b19aa99,/device-api/v2/devices/d7ad5e28-beb8-4354-8973-5bf6cf3ac363/tasks,https://connect.g2bcc.com/device-api/v2/devices/d7ad5e28-beb8-4354-8973-5bf6cf3ac363/tasks,"DeviceApiV2DeviceController.getTaskList(String,Integer)","ch.belimo.cloud.server.deviceapi.v2.DeviceApiV2DeviceController#getTaskList(String, Integer)",111elm3x3ote5,http-nio-8080-exec-17,"sharedlogic/3.17.2-0 (bsp 10.5.0-0, model 3.46.386-0, bacnet 2.1.0)",2025-01-16 08:45:23.657
92,device,DeviceApiV2DeviceController,production,core-cloud,CCB:fe4c4d5f-f9e9-4964-bc72-88692fb1431f,,26,logsearch-lifeline-agent-stateful-0.logsearch-lifeline-agent-stateful.default.svc.cluster.local,200,production,GET,7bbf52b2-8a21-47f1-987b-55921a7b7200,8db372796680d3cad214894ee9fbf40e,/device-api/v2/devices/7bbf52b2-8a21-47f1-987b-55921a7b7200/tasks,https://connect.g2bcc.com/device-api/v2/devices/7bbf52b2-8a21-47f1-987b-55921a7b7200/tasks,"DeviceApiV2DeviceController.getTaskList(String,Integer)","ch.belimo.cloud.server.deviceapi.v2.DeviceApiV2DeviceController#getTaskList(String, Integer)",111elm3x3ote5,http-nio-8080-exec-189,"sharedlogic/3.17.3-0 (bsp 10.8.0-0, model 3.47.390-0, bacnet 2.1.0)",2025-01-16 08:45:23.663
93,device,DeviceApiV2DeviceController,production,core-cloud,CCB:c38b6ce5-91d5-4259-a732-cbb9aeea28f8,,43,logsearch-lifeline-agent-stateful-0.logsearch-lifeline-agent-stateful.default.svc.cluster.local,200,production,GET,22cd4c33-ba79-447f-8984-f5bcf07060b9,22714c2770d4489c4b0d6dc071f5da4f,/device-api/v2/devices/22cd4c33-ba79-447f-8984-f5bcf07060b9/tasks,https://connect.g2bcc.com/device-api/v2/devices/22cd4c33-ba79-447f-8984-f5bcf07060b9/tasks,"DeviceApiV2DeviceController.getTaskList(String,Integer)","ch.belimo.cloud.server.deviceapi.v2.DeviceApiV2DeviceController#getTaskList(String, Integer)",111elm3x3ote5,http-nio-8080-exec-97,"sharedlogic/4.26.2 (bsp 13.12.1, model 1.1.6, bootloader 2019.01.0, fieldbus 01.02.0002)",2025-01-16 08:45:23.647
94,device,DeviceApiV2DeviceController,production,core-cloud,CCB:5e8cbbf7-cade-46f5-a677-a9936262ce09,,13,logsearch-lifeline-agent-stateful-0.logsearch-lifeline-agent-stateful.default.svc.cluster.local,200,production,GET,f4676e52-36ef-4aa5-b7c4-a51db92ae07b,9dda2dce3c27a9e9615e79e27638e51c,/device-api/v2/devices/f4676e52-36ef-4aa5-b7c4-a51db92ae07b/tasks,https://connect.g2bcc.com/device-api/v2/devices/f4676e52-36ef-4aa5-b7c4-a51db92ae07b/tasks,"DeviceApiV2DeviceController.getTaskList(String,Integer)","ch.belimo.cloud.server.deviceapi.v2.DeviceApiV2DeviceController#getTaskList(String, Integer)",111elm3x3ote5,http-nio-8080-exec-104,"sharedlogic/3.17.2-0 (bsp 10.5.0-0, model 3.46.386-0, bacnet 2.1.0)",2025-01-16 08:45:23.664
95,device,DeviceApiV2DeviceController,production,core-cloud,CCB:b9b17fed-48e9-4715-adc1-b5af788404fe,,19,logsearch-lifeline-agent-stateful-0.logsearch-lifeline-agent-stateful.default.svc.cluster.local,200,production,GET,7130af13-92ed-43ef-844a-952fdc17e5d5,1f72ecc3df1697c37c9ba95ba5a27119,/device-api/v2/devices/d19474cf-25a2-411b-933b-30a2184c1313/tasks,https://connect.g2bcc.com/device-api/v2/devices/d19474cf-25a2-411b-933b-30a2184c1313/tasks,"DeviceApiV2DeviceController.getTaskList(String,Integer)","ch.belimo.cloud.server.deviceapi.v2.DeviceApiV2DeviceController#getTaskList(String, Integer)",111elm3x3ote5,http-nio-8080-exec-60,,2025-01-16 08:45:23.658
96,device,,production,core-cloud,CCB:b9acb1dd-f290-4029-bd66-4886a93e9ca8,,26,logsearch-lifeline-agent-stateful-0.logsearch-lifeline-agent-stateful.default.svc.cluster.local,401,production,POST,,ed7f36731b14c6a8bcbf133fbffb9f25,/device-api/registration,https://connect.g2bcc.com/device-api/registration,,,,http-nio-8080-exec-12,"sharedlogic/3.22.5-0 (bsp 10.8.0-0, model 1.2.1-0, bacnet 2.1.0)",2025-01-16 08:45:23.658
97,device,DeviceApiV2DeviceController,production,core-cloud,CCB:eb488a78-c5b6-47f5-980a-181f13ce3305,,15,logsearch-lifeline-agent-stateful-0.logsearch-lifeline-agent-stateful.default.svc.cluster.local,200,production,GET,b018d292-c84c-4595-a37f-36040dc738e3,c969e64a46a52aaf3f5b7f99a6cf7488,/device-api/v2/devices/8762a6c8-56c0-4b7d-bf2c-993213e2de68/tasks,https://connect.g2bcc.com/device-api/v2/devices/8762a6c8-56c0-4b7d-bf2c-993213e2de68/tasks,"DeviceApiV2DeviceController.getTaskList(String,Integer)","ch.belimo.cloud.server.deviceapi.v2.DeviceApiV2DeviceController#getTaskList(String, Integer)",111elm3x3ote5,http-nio-8080-exec-82,,2025-01-16 08:45:23.669
98,device,DeviceApiV2DeviceController,production,core-cloud,CCB:0859712f-5a5b-4281-8f98-0acded0a3814,,11,logsearch-lifeline-agent-stateful-0.logsearch-lifeline-agent-stateful.default.svc.cluster.local,200,production,GET,59d7a7e0-4cb7-449e-993c-32c215c8451e,6b8d37214e6c686372ece1308f7ab2fa,/device-api/v2/devices/10029c4c-3e98-4c0f-9f93-970c84efe184/tasks,https://connect.g2bcc.com/device-api/v2/devices/10029c4c-3e98-4c0f-9f93-970c84efe184/tasks,"DeviceApiV2DeviceController.getTaskList(String,Integer)","ch.belimo.cloud.server.deviceapi.v2.DeviceApiV2DeviceController#getTaskList(String, Integer)",111elm3x3ote5,http-nio-8080-exec-39,,2025-01-16 08:45:23.676
99,device,DeviceApiV2DeviceController,production,core-cloud,CCB:16caac76-a230-4a80-9d95-6112647d670d,,8,logsearch-lifeline-agent-stateful-0.logsearch-lifeline-agent-stateful.default.svc.cluster.local,200,production,GET,d7397b47-b51e-4d7c-84cb-f79bd635b43b,a4dd88deba761d16a43ce042ef1a0c0e,/device-api/v2/devices/d7397b47-b51e-4d7c-84cb-f79bd635b43b/tasks,https://connect.g2bcc.com/device-api/v2/devices/d7397b47-b51e-4d7c-84cb-f79bd635b43b/tasks,"DeviceApiV2DeviceController.getTaskList(String,Integer)","ch.belimo.cloud.server.deviceapi.v2.DeviceApiV2DeviceController#getTaskList(String, Integer)",111elm3x3ote5,http-nio-8080-exec-170,"sharedlogic/3.17.2-0 (bsp 10.5.0-0, model 3.46.386-0, bacnet 2.1.0)",2025-01-16 08:45:23.681
